Name;Email;Age;Country;Occupation
Alice;alice@example.com;30;USA;Engineer
Bob;bob@example.com;25;Canada;Designer
Charlie;charlie@example.com;35;UK;Manager
Diana;diana@example.com;28;Germany;Developer
Ethan;ethan@example.com;40;France;Architect
Fiona;fiona@example.com;32;Italy;Scientist
George;george@example.com;29;Spain;Artist
Hannah;hannah@example.com;27;Australia;Teacher
Ivan;ivan@example.com;33;Russia;Doctor
Julia;julia@example.com;31;Brazil;Writer
